<?xml version="1.0" encoding="UTF-8"?>
<root>
  <item name="com.budiyev.android.codescanner.BarcodeUtils com.google.zxing.Result decodeYuv(byte[], int, int, int, boolean, java.util.Map&lt;com.google.zxing.DecodeHintType,?&gt;) 3">
    <annotation name="androidx.annotation.IntDef">
      <val name="value" val="{com.budiyev.android.codescanner.BarcodeUtils.ROTATION_0, com.budiyev.android.codescanner.BarcodeUtils.ROTATION_90, com.budiyev.android.codescanner.BarcodeUtils.ROTATION_180, com.budiyev.android.codescanner.BarcodeUtils.ROTATION_270}" />
    </annotation>
  </item>
  <item name="com.budiyev.android.codescanner.BarcodeUtils.Rotation">
    <annotation name="androidx.annotation.IntDef">
      <val name="value" val="{com.budiyev.android.codescanner.BarcodeUtils.ROTATION_0, com.budiyev.android.codescanner.BarcodeUtils.ROTATION_90, com.budiyev.android.codescanner.BarcodeUtils.ROTATION_180, com.budiyev.android.codescanner.BarcodeUtils.ROTATION_270}" />
    </annotation>
  </item>
</root>

